## 概述

### 作用

**数据持久化** - 将数据保存到能够长久保存数据的存储介质中，在掉电的情况下数据也不会丢失。

### 关系数据库特点

#### 范式理论 - 设计二维表的指导思想

1. 第一范式：数据表的每个列的值域都是由原子值组成的，不能够再分割。
2. 第二范式：数据表里的所有数据都要和该数据表的键（主键与候选键）有完全依赖关系。
3. 第三范式：所有非键属性都只和候选键有相关性，也就是说非键属性之间应该是独立无关的。

#### 数据完整性

1. 实体完整性 - 每个实体都是独一无二的

   - 主键（primary key） / 唯一约束 / 唯一索引（unique）
2. 引用完整性（参照完整性）- 关系中不允许引用不存在的实体

   - 外键（foreign key）
3. 域完整性 - 数据是有效的
   - 数据类型及长度

   - 非空约束（not null）

   - 默认值约束（default）

   - 检查约束（check）

     > 说明：在MySQL数据库中，检查约束并不起作用。

#### 数据一致性

1. 事务：一系列对数据库进行读/写的操作，这些操作要么全都成功，要么全都失败。

2. 事务的ACID特性
   - 原子性：事务作为一个整体被执行，包含在其中的对数据库的操作要么全部被执行，要么都不执行
   - 一致性：事务应确保数据库的状态从一个一致状态转变为另一个一致状态
   - 隔离性：多个事务并发执行时，一个事务的执行不应影响其他事务的执行
   - 持久性：已被提交的事务对数据库的修改应该永久保存在数据库中

### 数据类型

| 名称          | 类型           | 说明                                                         |
| :------------ | -------------- | ------------------------------------------------------------ |
| int           | 整型           | 4字节整数类型，范围约+/-21亿                                 |
| bigint        | 长整型         | 8字节整数类型，范围约+/-922亿亿                              |
| real          | 浮点型         | 4字节浮点数，范围约+/-10^38^                                 |
| double        | 浮点型         | 8字节浮点数，范围约+/-10^308^                                |
| decimal(M, N) | 高精度小数     | 例如，DECIMAL(20,10)表示一共20位，其中小数10位，通常用于财务计算 |
| char(N)       | 定长字符串     | 例如，CHAR(100)总是存储100个字符的字符串                     |
| varchar(N)    | 变长字符串     | 例如，VARCHAR(100)可以存储0~100个字符的字符串                |
| boolean       | 布尔型         | True或者False                                                |
| date          | 日期类型       | 例如，2018-06-22                                             |
| time          | 时间类型       | 例如，12:20:59                                               |
| datetime      | 日期和时间类型 | 例如，2018-06-22 12:20:59                                    |

## 安装和配置

### 下载 MySQL

要在 Linux 上安装 MySQL，可以使用发行版的包管理器。例如，Ubuntu用户可以简单地通过命令`apt-get install mysql-server`安装最新的 MySQL 版本。

要在 Windows 或 Mac 上安装 MySQL，首先从 MySQL 官方网站下载最新的 MySQL Community Server 版本：

https://dev.mysql.com/downloads/mysql/

选择对应的操作系统版本，下载即可。

### 安装 MySQL

#### 1. 解压 zip 包到安装目录：

例如我解压至`D:\programs\mysql-8.0.18-winx64`

#### 2. 配置环境变量：

将解压后的文件夹 bin 的路径添加到系统环境变量中，即`D:\programs\mysql-8.0.18-winx64\bin`

#### 3. 配置初始化的`my.ini`文件：

安装目录下新建`my.ini`文件，写入如下基本配置：

```
[mysqld]
# 设置3306端口
port=3306
# 设置mysql的安装目录
basedir=D:\\programs\\mysql-8.0.18-winx64   
# 切记此处一定要用双斜杠\\，单斜杠我这里会出错，不过看别人的教程，有的是单斜杠。自己尝试吧
# 设置mysql数据库的数据的存放目录
datadir=D:\\programs\\mysql-8.0.18-winx64\\Data   # 此处同上
# 允许最大连接数
max_connections=200
# 允许连接失败的次数。这是为了防止有人从该主机试图攻击数据库系统
max_connect_errors=10
# 服务端使用的字符集默认为UTF8
character-set-server=utf8
# 创建新表时将使用的默认存储引擎
default-storage-engine=INNODB
# 默认使用“mysql_native_password”插件认证
default_authentication_plugin=mysql_native_password
[mysql]
# 设置mysql客户端默认字符集
default-character-set=utf8
[client]
# 设置mysql客户端连接服务端时默认使用的端口
port=3306
default-character-set=utf8
```

#### 4. 安装 MySQL

在安装时，需要以管理员身份运行 cmd ，否则在安装时会报错。

### 初始化 MySQL

#### 1. 初始化数据库

在 bin 目录下执行：

`mysqld --initialize --console`

执行完毕后，会在最后打印 root 用户的初始密码，如：

`2018-04-28T15:57:24.859249Z 5 [Note] [MY-010454] [Server] A temporary password is generated for root@localhost: rI5rvf5x5G`

其中`rI5rvf5x5G`就是初始密码。后面登录要用到。如果没记住，删掉初始化的 datadir 目录，再执行一遍初始化命令，又会重新生成的。

#### 2. 安装服务

在 bin 目录下执行：

`mysqld --install [服务名]`

默认服务名为 mysql。

安装完成之后，就可以通过命令`net start mysql`启动 MySQL 的服务了。通过命令`net stop mysql`停止服务。通过命令`sc delete MySQL/mysqld -remove`卸载 MySQL 服务。

#### 3. 更改密码

在 bin 目录下执行：

`mysql -u root -p`

> 说明：启动客户端时，-u 参数用来指定用户名，MySQL 默认的超级管理账号为 root；-p 表示要输入密码（用户口令）；如果连接的是其他主机而非本机，可以用 -h 来指定连接主机的主机名或 IP 地址。

输入之前的密码即可进入 MySQL 命令模式。

在 MySQL 中执行命令：

`ALTER USER 'root'@'localhost' IDENTIFIED WITH mysql_native_password BY '新密码'; `

### 常用命令

   - 查看服务器版本。

     ```SQL
     select version();
     ```

   - 查看所有数据库。

     ```SQL
     show databases;
     ```

   - 切换到指定数据库。

     ```SQL
     use mysql;
     ```

   - 查看数据库下所有表。

     ```Shell
     show tables;
     ```

   - 获取帮助。

     ```SQL
     ? contents;
     ? functions;
     ? numeric functions;
     ? round;
     
     ? data types;
     ? longblob;
     ```

## SQL 详解

### 基本操作

总的来说，SQL语言定义了这么几种操作数据库的能力：

- DDL（数据定义语言）：Data Definition Language

DDL允许用户定义数据，也就是创建表(create)、删除表(drop)、修改表(alter)结构这些操作。通常，DDL由数据库管理员执行。

- DML（数据操作语言）：Data Manipulation Language

DML为用户提供添加(insert)、删除(delete)、更新(update)数据的能力，这些是应用程序对数据库的日常操作。

- DQL（数据查询语言）：Data Query Language

DQL允许用户查询(select)数据，这也是通常最频繁的数据库日常操作。

- DCL(数据控制语言）：Data Control Language

DCL通常用于授予权限（grant）和召回权限（revoke）。

### 关系模型

#### 1. 主键

主键是关系表中记录的唯一标识。主键的选取非常重要：主键不要带有业务含义，而应该使用 BIGINT 自增或者 GUID(Globally Unique Identifier) 类型。主键也不应该允许`NULL`。

可以使用多个列作为联合主键，但联合主键并不常用。

#### 2. 外键

关系数据库通过外键可以实现一对多、多对多和一对一的关系。外键既可以通过数据库来约束，也可以不设置约束，仅依靠应用程序的逻辑来保证。

在students表中，通过class_id的字段，可以把数据与另一张表关联起来，这种列称为**外键**。外键并不是通过列名实现的，而是通过定义外键约束实现的：

```sql
alter table students
add constraint fk_class_id
foreign key (class_id)
references classes (id);
```

其中，外键约束的名称`fk_class_id`可以任意，`foreign key (class_id)`指定了`class_id`作为外键，`references classes (id)`指定了这个外键将关联到`classes`表的`id`列（即`classes`表的主键）。

通过定义外键约束，关系数据库可以保证无法插入无效的数据。即如果`classes`表不存在`id=99`的记录，`students`表就无法插入`class_id=99`的记录。

由于外键约束会降低数据库的性能，大部分互联网应用程序为了追求速度，并不设置外键约束，而是仅靠应用程序自身来保证逻辑的正确性。这种情况下，`class_id`仅仅是一个普通的列，只是它起到了外键的作用而已。

要删除一个外键约束，也是通过`alter table`实现的：

```sql
alter table students
drop foreign key fk_class_id;
```

> 注意：删除外键约束并没有删除外键这一列。删除列是通过`drop column ...`实现的。

#### 3. 索引

索引是关系数据库中对某一列或多个列的值进行预排序的数据结构。通过使用索引，可以让数据库系统不必扫描整个表，而是直接定位到符合条件的记录，这样就大大加快了查询速度。

如果要经常根据score列进行查询，就可以对score列创建索引：

```sql
alter table students
add index idx_score (score);
```

使用`add index idx_score (score)`就创建了一个名称为`idx_score`，使用列`score`的索引。索引名称是任意的，索引如果有多列，可以在括号里依次写上，例如：

```sql
alter table students
add index idx_score (name, score);
```

索引的效率取决于索引列的值是否散列，即该列的值如果越互不相同，那么索引效率越高。

对于主键，关系数据库会自动对其创建主键索引。使用主键索引的效率是最高的，因为主键会保证绝对唯一。

#### 4. 唯一索引

在设计关系数据表的时候，看上去唯一的列，例如身份证号、邮箱地址等，因为他们具有业务含义，因此不宜作为主键。

但是，这些列根据业务要求，又具有唯一性约束：即不能出现两条记录存储了同一个身份证号。这个时候，就可以给该列添加一个唯一索引。例如，我们假设students表的name不能重复：

```sql
alter table students
add unique index uni_name (name);
```

通过`unique`关键字我们就添加了一个唯一索引。

也可以只对某一列添加一个唯一约束而不创建唯一索引：

```sql
alter table students
add constraint uni_name unique (name);
```

这种情况下，`name`列没有索引，但仍然**具有唯一性保证**。

### 管理MySQL

- 列出所有数据库：

  `show database;`

- 创建数据库：

  `create database test;`

- 删除数据库：

  `drop database test;`

- 切换到数据库以进行操作：

  `use test;`

- 列出当前数据库的所有表：

  `show tables;`

- 创建、删除表:

  `create table students;`

  `drop table students;`

- 查看表的结构：

  `desc sutdents;`

- 查看创建表的SQL语句：

  `show create table students;`

- 给表增加一列：

  ```sql
  alter table students add column birth varchar(10) not NULL;
  ```

- 修改一列的名称：

  ```sql
  alter table students change column birth birthday varchar(20) not NULL;
  ```

- 删除列：

  ```sql
  alter table students drop column birthday;
  ```

- 退出MySQL：

  `exit`

### 查询数据

#### 常用查询实例：

   ```SQL
   -- 查询所有学生信息
   select * from tb_student;
   
   -- 查询所有课程名称及学分(投影和别名)
   select couname, coucredit from tb_course;
   select couname as 课程名称, coucredit as 学分 from tb_course;
   
   -- 查询所有学生的姓名和性别(条件运算)
   select stuname as 姓名, case stusex when 1 then '男' else '女' end as 性别 from tb_student;
   select stuname as 姓名, if(stusex, '男', '女') as 性别 from tb_student;
   
   -- 查询所有女学生的姓名和出生日期(筛选)
   select stuname, stubirth from tb_student where stusex=0;
   
   -- 查询所有80后学生的姓名、性别和出生日期(筛选)
   select stuname, stusex, stubirth from tb_student where stubirth>='1980-1-1' and stubirth<='1989-12-31';
   select stuname, stusex, stubirth from tb_student where stubirth between '1980-1-1' and '1989-12-31';
   
   -- 查询姓"杨"的学生姓名和性别(模糊)
   select stuname, stusex from tb_student where stuname like '杨%';
   
   -- 查询姓"杨"名字两个字的学生姓名和性别(模糊)
   select stuname, stusex from tb_student where stuname like '杨_';
   
   -- 查询姓"杨"名字三个字的学生姓名和性别(模糊)
   select stuname, stusex from tb_student where stuname like '杨__';
   
   -- 查询名字中有"不"字或"嫣"字的学生的姓名(模糊)
   select stuname, stusex from tb_student where stuname like '%不%' or stuname like '%嫣%';
   
   -- 查询没有录入家庭住址的学生姓名(空值)
   select stuname from tb_student where stuaddr is null;
   
   -- 查询录入了家庭住址的学生姓名(空值)
   select stuname from tb_student where stuaddr is not null;
   
   -- 查询学生选课的所有日期(去重)
   select distinct seldate from tb_record;
   
   -- 查询学生的家庭住址(去重)
   select distinct stuaddr from tb_student where stuaddr is not null;
   
   -- 查询男学生的姓名和生日按年龄从大到小排列(排序)
   select stuname as 姓名, datediff(curdate(), stubirth) div 365 as 年龄 from tb_student where stusex=1 order by 年龄 desc;
   
   -- 查询年龄最大的学生的出生日期(聚合函数)
   select min(stubirth) from tb_student;
   
   -- 查询年龄最小的学生的出生日期(聚合函数)
   select max(stubirth) from tb_student;
   
   -- 查询男女学生的人数(分组和聚合函数)
   select stusex, count(*) from tb_student group by stusex;
   
   -- 查询课程编号为1111的课程的平均成绩(筛选和聚合函数)
   select avg(score) from tb_record where cid=1111;
   
   -- 查询学号为1001的学生所有课程的平均分(筛选和聚合函数)
   select avg(score) from tb_record where sid=1001;
   
   -- 查询每个学生的学号和平均成绩(分组和聚合函数)
   select sid as 学号, avg(score) as 平均分 from tb_record group by sid;
   
   -- 查询平均成绩大于等于90分的学生的学号和平均成绩
   -- 分组以前的筛选使用where子句 / 分组以后的筛选使用having子句
   select sid as 学号, avg(score) as 平均分 from tb_record group by sid having 平均分>=90;
   
   -- 查询年龄最大的学生的姓名(子查询/嵌套的查询)
   select stuname from tb_student where stubirth=( select min(stubirth) from tb_student );
   
   -- 查询年龄最大的学生姓名和年龄(子查询+运算)
   select stuname as 姓名, datediff(curdate(), stubirth) div 365 as 年龄 from tb_student where stubirth=( select min(stubirth) from tb_student );
   
   -- 查询选了两门以上的课程的学生姓名(子查询/分组条件/集合运算)
   select stuname from tb_student where stuid in ( select stuid from tb_record group by stuid having count(stuid)>2 );
   
   -- 查询学生姓名、课程名称以及成绩(连接查询)
   select stuname, couname, score from tb_student t1, tb_course t2, tb_record t3 where stuid=sid and couid=cid and score is not null;
   
   -- 查询学生姓名、课程名称以及成绩按成绩从高到低查询第11-15条记录(内连接+分页)
   select stuname, couname, score from tb_student inner join tb_record on stuid=sid inner join tb_course on couid=cid where score is not null order by score desc limit 5 offset 10;
   
   select stuname, couname, score from tb_student inner join tb_record on stuid=sid inner join tb_course on couid=cid where score is not null order by score desc limit 10, 5;
   
   -- 查询选课学生的姓名和平均成绩(子查询和连接查询)
   select stuname, avgmark from tb_student, ( select sid, avg(score) as avgmark from tb_record group by sid ) temp where stuid=sid;
   
   select stuname, avgmark from tb_student inner join ( select sid, avg(score) as avgmark from tb_record group by sid ) temp on stuid=sid;
   
   -- 查询每个学生的姓名和选课数量(左外连接和子查询)
   select stuname, ifnull(total, 0) from tb_student left outer join ( select sid, count(sid) as total from tb_record group by sid ) temp on stuid=sid;
   ```

#### 1. 基本查询

```sql
select * from <表名>;
```

- 查询所有内容：

```sql
mysql> select * from students;
```

#### 2. 条件查询

```sql
select * from <表名> where <条件>
```

- 查询分数在80分或以上的学生：

```sql
select * from students where score >= 80;
```

- 查询分数在80分或以上的男生：

```sql
select * from students where score >= 80 and gender = 'M';
```

- 查询分数为60、90、80的学生：

```sql
select * from students where score in (60,90,80);
```

- 查询姓‘王’的学生：

```sql
select * from students where name like '王%';
```

- 其他常用的条件表达式：

    - `<>`:不等于
    - `like`:判断相似
    
    > `name like 'ab%'`:%表示任意字符，例如'ab%'将匹配'ab'，'abc'，'abcd'

#### 3. 投影查询

```sql
select 列1 [别名], 列2 [别名], 列3 [别名] from ...;
```

- 查询分数在80分或以上学生的姓名和分数：

```sql
mysql> select name, score from students where score >=80;
+--------+-------+
| name   | score |
+--------+-------+
| 小明   |    90 |
| 小红   |    95 |
| 小军   |    88 |
| 小白   |    81 |
| 小林   |    85 |
| 小新   |    91 |
| 小王   |    89 |
| 小丽   |    85 |
+--------+-------+
8 rows in set (0.00 sec)
```

- 查询分数在80分或以上学生的姓名和分数，并重命名分数列为`points`：

```sql
mysql> select name, score points from students where score >=80;
+--------+--------+
| name   | points |
+--------+--------+
| 小明   |     90 |
| 小红   |     95 |
| 小军   |     88 |
| 小白   |     81 |
| 小林   |     85 |
| 小新   |     91 |
| 小王   |     89 |
| 小丽   |     85 |
+--------+--------+
8 rows in set (0.00 sec)
```

#### 4. 排序

```sql
... order by 列 [DESC];
```

```sql
... order by 列 [ASC];
```


默认的排序规则是`ASC`(ascend)：“升序”，即从小到大。`ASC`可以省略，即`order by score ASC`和`order by score`效果一样。“降序”为`DESC`(descend)。

- 查询分数在80分或以上的学生,并按分数降序显示：

```sql
mysql> select * from students where score >= 80 order by score desc;
```

#### 5. 分页查询

```sql
limit <M> offset <N>`或`limit <N>, <M>;
```

`N`指起始条目，`M`指每页条目数。

```sql
mysql> select * from students limit 3 offset 0;
+----+----------+--------+--------+-------+
| id | class_id | name   | gender | score |
+----+----------+--------+--------+-------+
|  1 |        1 | 小明   | M      |    90 |
|  2 |        1 | 小红   | F      |    95 |
|  3 |        1 | 小军   | M      |    88 |
+----+----------+--------+--------+-------+
3 rows in set (0.00 sec)

mysql> select * from students limit 3 offset 1;
+----+----------+--------+--------+-------+
| id | class_id | name   | gender | score |
+----+----------+--------+--------+-------+
|  2 |        1 | 小红   | F      |    95 |
|  3 |        1 | 小军   | M      |    88 |
|  4 |        1 | 小米   | F      |    73 |
+----+----------+--------+--------+-------+
3 rows in set (0.00 sec)

mysql> select * from students limit 1, 4;
+----+----------+--------+--------+-------+
| id | class_id | name   | gender | score |
+----+----------+--------+--------+-------+
|  2 |        1 | 小红   | F      |    95 |
|  3 |        1 | 小军   | M      |    88 |
|  4 |        1 | 小米   | F      |    73 |
|  5 |        2 | 小白   | F      |    81 |
+----+----------+--------+--------+-------+
4 rows in set (0.00 sec)
```

> `limit`总是设定为`pageSize`；

> `offset`计算公式为`pageSize * (pageIndex - 1)`。

#### 6. 聚合查询

- 统计分数在80分或以上的学生共多少个：

```sql
mysql> select count(*) from students where score >= 80;
+----------+
| count(*) |
+----------+
|        8 |
+----------+
1 row in set (0.35 sec)
```

- 其他聚合函数：
    - `sum`：合计值
    - `avg`：平均值
    - `max`：最大值
    - `min`：最小值
    > 注意：如果聚合查询的`where`条件没有匹配到任何行，`count()`会返回`0`，而`sum()`、`avg()`、`max()`和`min()`会返回`NULL`

- 统计各班平均分；

```sql
mysql> select class_id, avg(score) avg from students group by class_id;
+----------+---------+
| class_id | avg     |
+----------+---------+
|        1 | 86.5000 |
|        2 | 73.6667 |
|        3 | 88.3333 |
+----------+---------+
3 rows in set (0.00 sec)
```

#### 7. 多表查询

```sql
select 表名1.列名, 表名2.列名 from 表1, 表2;
```

```sql
select 别名1.列名, 别名2.列名 from 表1 别名1, 表2 别名2;
```

```sql
mysql> select s.name, s.gender, s.score, c.name
    -> from students s, classes c
    -> where s.gender = 'M' and c.id = 1;
+--------+--------+-------+--------+
| name   | gender | score | name   |
+--------+--------+-------+--------+
| 小明   | M      |    90 | 一班   |
| 小军   | M      |    88 | 一班   |
| 小兵   | M      |    55 | 一班   |
| 小林   | M      |    85 | 一班   |
| 小王   | M      |    89 | 一班   |
+--------+--------+-------+--------+
5 rows in set (0.00 sec)
```

#### 8. 连接查询

JOIN查询需要先确定主表，然后把另一个表的数据“附加”到结果集上；

INNER JOIN是最常用的一种JOIN查询，它的语法是`select ... from <表1> inner join <表2> on <条件...>`；

JOIN查询仍然可以使用`where`条件和`order by`排序。如：

```sql
-- 选出所有学生，同时返回班级名称
select s.id, s.name, s.class_id, c.name class_name, s.gender, s.score
from students s
inner join classes c
on s.class_id = c.id;
```

### 修改数据

#### 1. insert

```sql
insert into <表名> (字段1, 字段2, ...) values (值1, 值2, ...);
```

- 一次添加多条新记录：

  ```sql
  insert into students (class_id, name, gender, score) values
  (1, '大宝', 'M', 87),
  (2, '二宝', 'M', 81);
  ```

#### 2. update

```sql
update <表名> set 字段1=值1, 字段2=值2, ... where ...;
```

- 更新id=5，6，7的记录：

  ```sql
  update students set name='小牛', score=score+10 
  where id>=5 and id<=7;
  ```

#### 3. delete

```sql
delete from <表名> where ...;
```

- 删除id=5，6，7的记录：

  ```sql
  delete from students where id>=5 and id<=7;
  ```

#### 4. 插入或替换

 插入一条新记录（INSERT），但如果记录已经存在，就先删除原记录，再插入新记录。 

```sql
replace into students (id, class_id, name, gender, score) 
values (1, 1, '小明', 'F', 99);
```

#### 5. 插入或更新

 插入一条新记录（INSERT），但如果记录已经存在，就更新该记录 。

```sql
insert into students (id, class_id, name, gender, score) 
values (1, 1, '小明', 'F', 99) 
on duplicate key 
update name='小明', gender='F', score=99;
```

#### 6. 插入或忽略

 插入一条新记录（INSERT），但如果记录已经存在，就啥事也不干直接忽略 。

```sql
insert ignore INTO students (id, class_id, name, gender, score) 
values (1, 1, '小明', 'F', 99);
```

#### 7. 写入查询结果集

将查询结果集写入到表中。例如，创建一个统计成绩的表`statistics`，记录各班的平均成绩：

- 创建表`statistics`：

```sql
create table statistics (
    id bigint not NULL auto_increment,
    class_id bigint not NULL,
    average double not NULL,
    PRIMARY KEY (id)
);
```

- 写入各班平均成绩：

```sql
insert into statistics (class_id, average) select class_id, avg(score) from students group by class_id;
```

#### 8. 快照

 快照，即复制一份当前表的数据到一个新表 。例如，对class_id=1的记录进行快照，并存储为新表students_of_class1:

```sql
create table students_of_class1 select * from students where class_id=1;
```

### 事务

#### 综述

把多条语句作为一个整体进行操作的功能，被称为数据库*事务*。数据库事务可以确保该事务范围内的所有操作都可以全部成功或者全部失败。如果事务失败，那么效果就和没有执行这些SQL一样，不会对数据库数据有任何改动。

实例：

```sql
begin;
update accounts set balance = balance - 100 where id = 1;
update accounts set balance = balance + 100 where id = 2;
commit;
```

>  `commit`是指提交事务，即试图把事务内的所有SQL所做的修改永久保存。如果`commit`语句执行失败了，整个事务也会失败。  有些时候，我们希望主动让事务失败，这时，可以用`rollback`回滚事务，整个事务会失败 

可见，数据库事务具有ACID这4个特性：

- A: Atomic，原子性，将所有SQL作为原子工作单元执行，要么全部执行，要么全部不执行；
- C: Consistent，一致性，事务完成后，所有数据的状态都是一致的，即A账户只要减去了100，B账户则必定加上了100；
- I: Isolation，隔离性，如果有多个事务并发执行，每个事务作出的修改必须与其他事务隔离；
- D: Duration，持久性，即事务完成后，对数据库数据的修改被持久化存储。

#### 隔离级别

 对于两个并发执行的事务，如果涉及到操作同一条记录的时候，可能会发生问题。因为并发操作会带来数据的不一致性，包括**脏读、不可重复读、幻读**等。 

 SQL标准定义了4种隔离级别，分别对应可能出现的数据不一致的情况： 

| Isolation Level  | Dirty Read | Non Repeatable Read | Phantom Read |
| :--------------: | :--------: | :-----------------: | :----------: |
| Read Uncommitted |    Yes     |         Yes         |     Yes      |
|  Read Committed  |     -      |          -          |     Yes      |
| Repeatable Read  |     -      |          -          |     Yes      |
|   Serializable   |     -      |          -          |      -       |

详细内容可参见廖雪峰的教程：[链接](https://www.liaoxuefeng.com/wiki/1177760294764384/1179611198786848)

## Python数据库编程

我们用如下所示的数据库来演示在Python中如何访问MySQL数据库。

```SQL
drop database if exists hrs;
create database hrs default charset utf8;

use hrs;

drop table if exists tb_emp;
drop table if exists tb_dept;

create table tb_dept
(
dno   int not null comment '编号',
dname varchar(10) not null comment '名称',
dloc  varchar(20) not null comment '所在地',
primary key (dno)
);

insert into tb_dept values 
	(10, '会计部', '北京'),
	(20, '研发部', '成都'),
	(30, '销售部', '重庆'),
	(40, '运维部', '深圳');

create table tb_emp
(
eno   int not null comment '员工编号',
ename varchar(20) not null comment '员工姓名',
job   varchar(20) not null comment '员工职位',
mgr   int comment '主管编号',
sal   int not null comment '员工月薪',
comm  int comment '每月补贴',
dno   int comment '所在部门编号',
primary key (eno)
);

alter table tb_emp add constraint fk_emp_dno foreign key (dno) references tb_dept (dno);

insert into tb_emp values 
	(7800, '张三丰', '总裁', null, 9000, 1200, 20),
	(2056, '乔峰', '分析师', 7800, 5000, 1500, 20),
	(3088, '李莫愁', '设计师', 2056, 3500, 800, 20),
	(3211, '张无忌', '程序员', 2056, 3200, null, 20),
	(3233, '丘处机', '程序员', 2056, 3400, null, 20),
	(3251, '张翠山', '程序员', 2056, 4000, null, 20),
	(5566, '宋远桥', '会计师', 7800, 4000, 1000, 10),
	(5234, '郭靖', '出纳', 5566, 2000, null, 10),
	(3344, '黄蓉', '销售主管', 7800, 3000, 800, 30),
	(1359, '胡一刀', '销售员', 3344, 1800, 200, 30),
	(4466, '苗人凤', '销售员', 3344, 2500, null, 30),
	(3244, '欧阳锋', '程序员', 3088, 3200, null, 20),
	(3577, '杨过', '会计', 5566, 2200, null, 10),
	(3588, '朱九真', '会计', 5566, 2500, null, 10);
```

在Python 3中，我们通常使用纯Python的三方库PyMySQL来访问MySQL数据库，它应该是目前Python操作MySQL数据库最好的选择。

#### 1. 安装PyMySQL。

```Shell
pip install pymysql
```

#### 2. 添加一个部门。

```Python
import pymysql


def main():
    no = int(input('编号: '))
    name = input('名字: ')
    loc = input('所在地: ')
    # 1. 创建数据库连接对象
    con = pymysql.connect(host='localhost', port=3306,
                          database='hrs', charset='utf8',
                          user='root', password='123456')
    try:
        # 2. 通过连接对象获取游标
        with con.cursor() as cursor:
            # 3. 通过游标执行SQL并获得执行结果
            result = cursor.execute(
                'insert into tb_dept values (%s, %s, %s)',
                (no, name, loc)
            )
        if result == 1:
            print('添加成功!')
        # 4. 操作成功提交事务
        con.commit()
    finally:
        # 5. 关闭连接释放资源
        con.close()


if __name__ == '__main__':
    main()
```

#### 3. 删除一个部门。

```Python
import pymysql


def main():
    no = int(input('编号: '))
    con = pymysql.connect(host='localhost', port=3306,
                          database='hrs', charset='utf8',
                          user='root', password='123456',
                          autocommit=True)
    try:
        with con.cursor() as cursor:
            result = cursor.execute(
                'delete from tb_dept where dno=%s',
                (no, )
            )
        if result == 1:
            print('删除成功!')
    finally:
        con.close()


if __name__ == '__main__':
    main()
```

> 说明：如果不希望每次SQL操作之后手动提交或回滚事务，可以像上面的代码那样，在创建连接的时候多加一个名为`autocommit`的参数并将它的值设置为`True`，表示每次执行SQL之后自动提交。如果程序中不需要使用事务环境也不希望手动的提交或回滚就可以这么做。

#### 4. 更新一个部门。

```Python
import pymysql


def main():
    no = int(input('编号: '))
    name = input('名字: ')
    loc = input('所在地: ')
    con = pymysql.connect(host='localhost', port=3306,
                          database='hrs', charset='utf8',
                          user='root', password='123456',
                          autocommit=True)
    try:
        with con.cursor() as cursor:
            result = cursor.execute(
                'update tb_dept set dname=%s, dloc=%s where dno=%s',
                (name, loc, no)
            )
        if result == 1:
            print('更新成功!')
    finally:
        con.close()


if __name__ == '__main__':
    main()
```

#### 5. 查询所有部门。

```Python
import pymysql
from pymysql.cursors import DictCursor


def main():
    con = pymysql.connect(host='localhost', port=3306,
                          database='hrs', charset='utf8',
                          user='root', password='123456')
    try:
        with con.cursor(cursor=DictCursor) as cursor:
            cursor.execute('select dno as no, dname as name, dloc as loc from tb_dept')
            results = cursor.fetchall()
            print(results)
            print('编号\t名称\t\t所在地')
            for dept in results:
                print(dept['no'], end='\t')
                print(dept['name'], end='\t')
                print(dept['loc'])
    finally:
        con.close()


if __name__ == '__main__':
    main()
```

#### 6. 分页查询员工信息。

```Python
import pymysql
from pymysql.cursors import DictCursor


class Emp(object):

    def __init__(self, no, name, job, sal):
        self.no = no
        self.name = name
        self.job = job
        self.sal = sal

    def __str__(self):
        return f'\n编号：{self.no}\n姓名：{self.name}\n职位：{self.job}\n月薪：{self.sal}\n'


def main():
    page = int(input('页码: '))
    size = int(input('大小: '))
    con = pymysql.connect(host='localhost', port=3306,
                          database='hrs', charset='utf8',
                          user='root', password='123456')
    try:
        with con.cursor() as cursor:
            cursor.execute(
                'select eno as no, ename as name, job, sal from tb_emp limit %s,%s',
                ((page - 1) * size, size)
            )
            for emp_tuple in cursor.fetchall():
                emp = Emp(*emp_tuple)
                print(emp)
    finally:
        con.close()


if __name__ == '__main__':
    main()
```